URL,Lastmod,Changefreq,Priority
https://study.heytcm.com/,2025-03-23,daily,1.0
https://study.heytcm.com/base/app,2025-03-05,weekly,0.9
https://study.heytcm.com/base/challenges,2025-03-11,weekly,0.9
https://study.heytcm.com/base/home,2025-03-05,weekly,0.9
https://study.heytcm.com/base,2025-03-11,weekly,0.9
https://study.heytcm.com/base/levels,2025-03-05,weekly,0.9
https://study.heytcm.com/base/listening,2025-03-05,weekly,0.9
https://study.heytcm.com/base/mode_selection,2025-03-05,weekly,0.9
https://study.heytcm.com/base/ranking,2025-03-05,weekly,0.9
https://study.heytcm.com/base/reading,2025-03-05,weekly,0.9
https://study.heytcm.com/base/rewards,2025-03-05,weekly,0.9
https://study.heytcm.com/base/settings,2025-03-05,weekly,0.9
https://study.heytcm.com/base/speaking,2025-03-05,weekly,0.9
https://study.heytcm.com/base/statistics,2025-03-05,weekly,0.9
https://study.heytcm.com/base/training,2025-03-05,weekly,0.9
https://study.heytcm.com/base/writing,2025-03-05,weekly,0.9
https://study.heytcm.com/book-detail,2025-03-15,weekly,0.9
https://study.heytcm.com/books,2025-03-15,weekly,0.9
https://study.heytcm.com/home,2025-03-15,weekly,0.9
https://study.heytcm.com/leaderboard,2025-03-15,weekly,0.9
https://study.heytcm.com/levels,2025-03-15,weekly,0.9
https://study.heytcm.com/listen,2025-03-15,weekly,0.9
https://study.heytcm.com/privacy,2025-03-05,weekly,0.9
https://study.heytcm.com/profile,2025-03-15,weekly,0.9
https://study.heytcm.com/read,2025-03-15,weekly,0.9
https://study.heytcm.com/rewards,2025-03-15,weekly,0.9
https://study.heytcm.com/speak,2025-03-15,weekly,0.9
https://study.heytcm.com/statistics,2025-03-15,weekly,0.9
https://study.heytcm.com/terms,2025-03-05,weekly,0.9
https://study.heytcm.com/write,2025-03-15,weekly,0.9